Workbook

Sheet Dashboard
A1: Control del reto ecommerce – Manga Ancha
A2: Se actualiza solo: marca 'Hecho' en cada hoja de asignatura.
A4: Asignatura | B4: Hechos | C4: En curso | D4: Total apartados | E4: % completado | G4: PROGRESO TOTAL
A5: Común (memoria, anexos, presentación) | B5: =COUNTIF(Común!E5:E80,"Hecho") -> 0 | C5: =COUNTIF(Común!E5:E80,"En curso") -> 0 | D5: =COUNTA(Común!C5:C80) -> 16 | E5: =IF(D5=0,0,B5/D5) -> 0 | G5: =E11 -> 0.047619048
A6: DIW – Diseño de interfaces web | B6: =COUNTIF(DIW!E5:E80,"Hecho") -> 5 | C6: =COUNTIF(DIW!E5:E80,"En curso") -> 0 | D6: =COUNTA(DIW!C5:C80) -> 24 | E6: =IF(D6=0,0,B6/D6) -> 0.20833333
A7: DCLI – Desarrollo web entorno cliente | B7: =COUNTIF(DCLI!E5:E80,"Hecho") -> 0 | C7: =COUNTIF(DCLI!E5:E80,"En curso") -> 0 | D7: =COUNTA(DCLI!C5:C80) -> 24 | E7: =IF(D7=0,0,B7/D7) -> 0
A8: DWES – Desarrollo web entorno servidor | B8: =COUNTIF(DWES!E5:E80,"Hecho") -> 0 | C8: =COUNTIF(DWES!E5:E80,"En curso") -> 0 | D8: =COUNTA(DWES!C5:C80) -> 21 | E8: =IF(D8=0,0,B8/D8) -> 0
A9: Despliegue de aplicaciones web | B9: =COUNTIF(Despliegue!E5:E80,"Hecho") -> 0 | C9: =COUNTIF(Despliegue!E5:E80,"En curso") -> 0 | D9: =COUNTA(Despliegue!C5:C80) -> 9 | E9: =IF(D9=0,0,B9/D9) -> 0
A10: Sistemas Informáticos | B10: =COUNTIF(Sistemas!E5:E80,"Hecho") -> 0 | C10: =COUNTIF(Sistemas!E5:E80,"En curso") -> 0 | D10: =COUNTA(Sistemas!C5:C80) -> 11 | E10: =IF(D10=0,0,B10/D10) -> 0
A11: TOTAL | B11: =SUM(B5:B10) -> 5 | C11: =SUM(C5:C10) -> 0 | D11: =SUM(D5:D10) -> 105 | E11: =IF(D11=0,0,B11/D11) -> 0.047619048
A13: Progreso por persona
A14: Persona | B14: Hechos | C14: Asignados | E14: % completado
A15: Número 1 | B15: =COUNTIFS(Común!D5:D80,A15,Común!E5:E80,"Hecho")+COUNTIFS(DIW!D5:D80,A15,DIW!E5:E80,"Hecho")+COUNTIFS(DCLI!D5:D80,A15,DCLI!E5:E80,"Hecho")+COUNTIFS(DWES!D5:D80,A15,DWES!E5:E80,"Hecho")+COUNTIFS(Despliegue!D5:D80,A15,Despliegue!E5:E80,"Hecho")+COUNTIFS(Sistemas!D5:D80,A15,Sistemas!E5:E80,"Hecho") -> 5 | C15: =COUNTIF(Común!D5:D80,A15)+COUNTIF(DIW!D5:D80,A15)+COUNTIF(DCLI!D5:D80,A15)+COUNTIF(DWES!D5:D80,A15)+COUNTIF(Despliegue!D5:D80,A15)+COUNTIF(Sistemas!D5:D80,A15) -> 47 | E15: =IF(C15=0,0,B15/C15) -> 0.10638298
A16: Número 2 | B16: =COUNTIFS(Común!D5:D80,A16,Común!E5:E80,"Hecho")+COUNTIFS(DIW!D5:D80,A16,DIW!E5:E80,"Hecho")+COUNTIFS(DCLI!D5:D80,A16,DCLI!E5:E80,"Hecho")+COUNTIFS(DWES!D5:D80,A16,DWES!E5:E80,"Hecho")+COUNTIFS(Despliegue!D5:D80,A16,Despliegue!E5:E80,"Hecho")+COUNTIFS(Sistemas!D5:D80,A16,Sistemas!E5:E80,"Hecho") -> 0 | C16: =COUNTIF(Común!D5:D80,A16)+COUNTIF(DIW!D5:D80,A16)+COUNTIF(DCLI!D5:D80,A16)+COUNTIF(DWES!D5:D80,A16)+COUNTIF(Despliegue!D5:D80,A16)+COUNTIF(Sistemas!D5:D80,A16) -> 21 | E16: =IF(C16=0,0,B16/C16) -> 0
A17: Número 3 | B17: =COUNTIFS(Común!D5:D80,A17,Común!E5:E80,"Hecho")+COUNTIFS(DIW!D5:D80,A17,DIW!E5:E80,"Hecho")+COUNTIFS(DCLI!D5:D80,A17,DCLI!E5:E80,"Hecho")+COUNTIFS(DWES!D5:D80,A17,DWES!E5:E80,"Hecho")+COUNTIFS(Despliegue!D5:D80,A17,Despliegue!E5:E80,"Hecho")+COUNTIFS(Sistemas!D5:D80,A17,Sistemas!E5:E80,"Hecho") -> 0 | C17: =COUNTIF(Común!D5:D80,A17)+COUNTIF(DIW!D5:D80,A17)+COUNTIF(DCLI!D5:D80,A17)+COUNTIF(DWES!D5:D80,A17)+COUNTIF(Despliegue!D5:D80,A17)+COUNTIF(Sistemas!D5:D80,A17) -> 24 | E17: =IF(C17=0,0,B17/C17) -> 0
A18: Los apartados asignados a 'Todos' no cuentan en esta tabla.
A20: Cómo se usa
A21: 1. Entrad en la hoja de cada asignatura y cambiad la columna Estado (Pendiente / En curso / Hecho).
A22: 2. Solo cuenta como completado lo que está en 'Hecho'. 'En curso' se muestra pero no suma.
A23: 3. El reparto de Responsable (Número 1, 2, 3) es una propuesta: cambiadlo con el desplegable.
A24: 4. Podéis añadir filas debajo de la última de cada hoja (hasta la fila 80) y se cuentan solas.
A25: 5. Marcados como 'Hecho' de entrada: lo que el grupo dijo tener (boceto y documentación de investigación). Cambiadlo si no es así.

Sheet Común
A1: Común (memoria, anexos, presentación)
A2: Progreso: | B2: =IF(COUNTA(C5:C80)=0,0,COUNTIF(E5:E80,"Hecho")/COUNTA(C5:C80)) -> 0 | C2: =COUNTIF(E5:E80,"Hecho")&" de "&COUNTA(C5:C80)&" apartados hechos" -> 0 de 16 apartados hechos
A4: Nº | B4: Bloque | C4: Requisito | D4: Responsable | E4: Estado | F4: Notas
A5: 1 | B5: Organización | C5: Panel Scrum con tareas, tiempos y personas | D5: Número 3 | E5: Pendiente
A6: 2 | B6: Organización | C6: Acta de reunión inicial cada día de trabajo | D6: Todos | E6: Pendiente
A7: 3 | B7: Organización | C7: Formulario de seguimiento semanal | D7: Número 3 | E7: Pendiente
A8: 4 | B8: Memoria | C8: Portada + índice | D8: Número 1 | E8: Pendiente
A9: 5 | B9: Memoria | C9: Introducción: quiénes sois y qué habéis hecho | D9: Número 1 | E9: Pendiente
A10: 6 | B10: Memoria | C10: Documentación de cada asignatura | D10: Todos | E10: Pendiente
A11: 7 | B11: Memoria | C11: Conclusiones: cómo ha transcurrido el reto | D11: Todos | E11: Pendiente
A12: 8 | B12: Anexos | C12: Anexo 1: Contrato de equipo | D12: Todos | E12: Pendiente
A13: 9 | B13: Anexos | C13: Anexo 2: Parámetros | D13: Todos | E13: Pendiente
A14: 10 | B14: Anexos | C14: Anexo 3: Propuestas y selección de la propuesta definitiva | D14: Todos | E14: Pendiente
A15: 11 | B15: Anexos | C15: Anexo 4: Planificación | D15: Todos | E15: Pendiente
A16: 12 | B16: Anexos | C16: Anexo 5: Puntos de control | D16: Todos | E16: Pendiente
... A20: 16 | B20: Presentación | C20: Preparados para resolver dudas de profesores y compañeros | D20: Todos | E20: Pendiente

Sheet DIW
A1: DIW – Diseño de interfaces web
A2: Progreso: | B2: =IF(COUNTA(C5:C80)=0,0,COUNTIF(E5:E80,"Hecho")/COUNTA(C5:C80)) -> 0.20833333 | C2: =COUNTIF(E5:E80,"Hecho")&" de "&COUNTA(C5:C80)&" apartados hechos" -> 5 de 24 apartados hechos
A4: Nº | B4: Bloque | C4: Requisito | D4: Responsable | E4: Estado | F4: Notas
A5: 1 | B5: Documento semana 1 | C5: Quiénes somos: nombre, sector y tamaño de la empresa | D5: Número 1 | E5: Hecho | F5: Manga Ancha, tienda de manga pequeña
A6: 2 | B6: Documento semana 1 | C6: Objetivo de la página | D6: Número 1 | E6: Pendiente | F6: Revisar que esté escrito en el documento
A7: 3 | B7: Documento semana 1 | C7: Clientes potenciales con datos reales y link | D7: Número 1 | E7: Pendiente | F7: Revisar que haya datos reales con enlace
A8: 4 | B8: Documento semana 1 | C8: Mínimo 3 perfiles de usuario (buyer persona) | D8: Número 1 | E8: Hecho | F8: Iker, Laura y Javier
A9: 5 | B9: Documento semana 1 | C9: Webs del sector con links, ideas extraídas y justificación | D9: Número 1 | E9: Hecho | F9: Akira Comics y Norma Comics
A10: 6 | B10: Boceto | C10: Boceto funcional y de estilos hecho con una herramienta | D10: Número 1 | E10: Hecho
A11: 7 | B11: Boceto | C11: Mínimo 3 páginas con elementos visuales e interactivos | D11: Número 1 | E11: Hecho
A12: 8 | B12: Boceto | C12: Boceto aceptado por el profesor | D12: Número 1 | E12: Pendiente
A13: 9 | B13: Boceto | C13: Planning con SCRUM (horas, orden y personas) | D13: Número 3 | E13: Pendiente
A14: 10 | B14: Boceto | C14: Cronograma con el responsable de cada acción | D14: Número 3 | E14: Pendiente
A15: 11 | B15: Contenidos mínimos | C15: Estilo propio con CSS adecuado al contenido | D15: Número 1 | E15: Pendiente
A16: 12 | B16: Contenidos mínimos | C16: Esqueleto HTML variado y adecuado | D16: Número 1 | E16: Pendiente
A17: 13 | B17: Contenidos mínimos | C17: Responsive: móvil, tablet y ordenador | D17: Número 1 | E17: Pendiente
A18: 14 | B18: Contenidos mínimos | C18: Contenido multimedia: imagen y vídeo | D18: Número 1 | E18: Pendiente
A19: 15 | B19: Contenidos mínimos | C19: Protección de datos y material de terceros | D19: Número 1 | E19: Pendiente
A20: 16 | B20: Contenidos mínimos | C20: Funciona en distintos navegadores | D20: Número 1 | E20: Pendiente
A21: 17 | B21: Contenidos mínimos | C21: Estilo homogéneo en toda la web | D21: Número 1 | E21: Pendiente
... A28: 24 | B28: Contenidos mínimos | C28: HTML limpio y claro, con el menor número posible de id | D28: Número 1 | E28: Pendiente

Sheet DCLI
A1: DCLI – Desarrollo web entorno cliente
A2: Progreso: | B2: =IF(COUNTA(C5:C80)=0,0,COUNTIF(E5:E80,"Hecho")/COUNTA(C5:C80)) -> 0 | C2: =COUNTIF(E5:E80,"Hecho")&" de "&COUNTA(C5:C80)&" apartados hechos" -> 0 de 24 apartados hechos
A4: Nº | B4: Bloque | C4: Requisito | D4: Responsable | E4: Estado | F4: Notas
A5: 1 | B5: General | C5: Documentación de la parte cliente | D5: Número 1 | E5: Pendiente
A6: 2 | B6: General | C6: Estructura de carpetas documentada | D6: Todos | E6: Pendiente
A7: 3 | B7: General | C7: Mínimo 3 páginas (index, consultas, actualizaciones) | D7: Número 1 | E7: Pendiente
A8: 4 | B8: General | C8: Boceto y SCRUM adaptados a los requisitos del módulo | D8: Número 1 | E8: Pendiente
A9: 5 | B9: JavaScript DOM | C9: Código que captura y utiliza eventos | D9: Número 1 | E9: Pendiente
A10: 6 | B10: JavaScript DOM | C10: Cambiar el aspecto de la página (tamaño de letra, colores) | D10: Número 1 | E10: Pendiente
A11: 7 | B11: JavaScript DOM | C11: Crear, acceder y utilizar elementos dinámicos | D11: Número 1 | E11: Pendiente
A12: 8 | B12: JavaScript código | C12: Variables, operadores, estructuras de control y arrays | D12: Número 1 | E12: Pendiente
A13: 9 | B13: JavaScript código | C13: Funciones correctas y llamadas entre funciones | D13: Número 1 | E13: Pendiente
A14: 10 | B14: JavaScript código | C14: Objetos e identificar dónde y cuándo aplicar eventos | D14: Número 1 | E14: Pendiente
A15: 11 | B15: JavaScript código | C15: Uso de parámetros | D15: Número 1 | E15: Pendiente
A16: 12 | B16: JavaScript código | C16: Control de errores (try/catch) | D16: Número 1 | E16: Pendiente
... A28: 24 | B28: Calidad | C28: Acciones limitadas: no deja hacer lo que no está autorizado | D28: Número 1 | E28: Pendiente

Sheet DWES
A1: DWES – Desarrollo web entorno servidor
A2: Progreso: | B2: =IF(COUNTA(C5:C80)=0,0,COUNTIF(E5:E80,"Hecho")/COUNTA(C5:C80)) -> 0 | C2: =COUNTIF(E5:E80,"Hecho")&" de "&COUNTA(C5:C80)&" apartados hechos" -> 0 de 21 apartados hechos
A4: Nº | B4: Bloque | C4: Requisito | D4: Responsable | E4: Estado | F4: Notas
A5: 1 | B5: PHP básico | C5: Recepción de datos de formularios con $_POST y $_GET | D5: Número 2 | E5: Pendiente
A6: 2 | B6: PHP básico | C6: Sesiones con $_SESSION (usuarios y carrito) | D6: Número 2 | E6: Pendiente
A7: 3 | B7: POO | C7: Clases Usuario, Producto, Categoría y Pedido | D7: Número 2 | E7: Pendiente
A8: 4 | B8: POO | C8: Atributos, métodos, constructores e instanciación de objetos | D8: Número 2 | E8: Pendiente
A9: 5 | B9: Base de datos | C9: Diseño de la BD (usuarios, productos, categorias, pedidos) | D9: Número 2 | E9: Pendiente
A10: 6 | B10: Base de datos | C10: Script .sql con estructura y datos de prueba | D10: Número 2 | E10: Pendiente | F10: Entregable
A11: 7 | B11: Base de datos | C11: Conexión PHP con MySQL/MariaDB | D11: Número 2 | E11: Pendiente
A12: 8 | B12: Base de datos | C12: Consultas del catálogo y guardado de pedidos | D12: Número 2 | E12: Pendiente
A13: 9 | B13: MVC | C13: Estructura de carpetas MVC | D13: Número 2 | E13: Pendiente
A14: 10 | B14: MVC | C14: Modelo: clases que gestionan los datos | D14: Número 2 | E14: Pendiente
A15: 11 | B15: MVC | C15: Controlador: procesa peticiones y elige la vista | D15: Número 2 | E15: Pendiente
A16: 12 | B16: MVC | C16: Vista: PHP/HTML con el diseño de DIW | D16: Número 2 | E16: Pendiente
A17: 13 | B17: Funcionalidades | C17: Login y logout con sesiones | D17: Número 2 | E17: Pendiente
A18: 14 | B18: Funcionalidades | C18: Catálogo dinámico con categorías y productos de la BD | D18: Número 2 | E18: Pendiente
A19: 15 | B19: Funcionalidades | C19: Carrito: añadir, modificar y eliminar productos | D19: Número 2 | E19: Pendiente
A20: 16 | B20: Funcionalidades | C20: CRUD de productos: alta, edición y borrado | D20: Número 2 | E20: Pendiente
A21: 17 | B21: Funcionalidades | C21: Archivo PHP que devuelve JSON para el fetch de DCLI | D21: Número 2 | E21: Pendiente | F21: Para conectar con DCLI
A22: 18 | B22: Integración | C22: Backend integrado con el frontend (DIW y DCLI) | D22: Número 2 | E22: Pendiente
A23: 19 | B23: Integración | C23: Verificado en el servidor de despliegue y pruebas finales | D23: Número 2 | E23: Pendiente
A24: 20 | B24: Documentación | C24: Esquema visual o breve descripción del MVC | D24: Número 2 | E24: Pendiente
A25: 21 | B25: Documentación | C25: Explicación de las clases PHP y sus métodos principales | D25: Número 2 | E25: Pendiente

Sheet Despliegue
A1: Despliegue de aplicaciones web
A2: Progreso: | B2: =IF(COUNTA(C5:C80)=0,0,COUNTIF(E5:E80,"Hecho")/COUNTA(C5:C80)) -> 0 | C2: =COUNTIF(E5:E80,"Hecho")&" de "&COUNTA(C5:C80)&" apartados hechos" -> 0 de 9 apartados hechos
A4: Nº | B4: Bloque | C4: Requisito | D4: Responsable | E4: Estado | F4: Notas
A5: 1 | B5: Servidor | C5: Apache Web con módulo PHP en Ubuntu Server (FPCloud) | D5: Número 3 | E5: Pendiente
A6: 2 | B6: Servidor | C6: Servidor FTP instalado y configurado | D6: Número 3 | E6: Pendiente
A7: 3 | B7: Servidor | C7: Acceso SSH configurado | D7: Número 3 | E7: Pendiente
A8: 4 | B8: Servidor | C8: Aplicación web desplegada en la máquina | D8: Número 3 | E8: Pendiente
A9: 5 | B9: Servidor | C9: Disponible desde fuera por https y desde la red local por http | D9: Número 3 | E9: Pendiente
A10: 6 | B10: Documentación | C10: Proceso de despliegue, lugar, tecnologías y arquitectura web | D10: Número 3 | E10: Pendiente
A11: 7 | B11: Documentación | C11: Acceso SSH y copia de una carpeta con scp | D11: Número 3 | E11: Pendiente
A12: 8 | B12: Documentación | C12: Acceso FTP y copia de una carpeta de la aplicación | D12: Número 3 | E12: Pendiente
A13: 9 | B13: Documentación | C13: Acceso SFTP y copia de una carpeta de la aplicación | D13: Número 3 | E13: Pendiente

Sheet Sistemas
A1: Sistemas Informáticos
A2: Progreso: | B2: =IF(COUNTA(C5:C80)=0,0,COUNTIF(E5:E80,"Hecho")/COUNTA(C5:C80)) -> 0 | C2: =COUNTIF(E5:E80,"Hecho")&" de "&COUNTA(C5:C80)&" apartados hechos" -> 0 de 11 apartados hechos
A4: Nº | B4: Bloque | C4: Requisito | D4: Responsable | E4: Estado | F4: Notas
A5: 1 | B5: Scripts | C5: (Re)instalación automatizada del servidor y las aplicaciones | D5: Número 3 | E5: Pendiente
A6: 2 | B6: Scripts | C6: Gestión de servicios: comprobar estado y reiniciar | D6: Número 3 | E6: Pendiente
A7: 3 | B7: Seguridad | C7: Separación de usuarios locales y cuentas de servicios con permisos mínimos | D7: Número 3 | E7: Pendiente
A8: 4 | B8: Seguridad | C8: Endurecimiento de accesos: SSH y permisos de ficheros | D8: Número 3 | E8: Pendiente
A9: 5 | B9: Seguridad | C9: Cortafuegos UFW: solo servicios y puertos necesarios | D9: Número 3 | E9: Pendiente
A10: 6 | B10: Copias | C10: Copia de seguridad automática de sistema y aplicación | D10: Número 3 | E10: Pendiente
A11: 7 | B11: Copias | C11: Recuperación automática de las copias | D11: Número 3 | E11: Pendiente
A12: 8 | B12: Documentación | C12: Información mínima para gestionar las máquinas | D12: Número 3 | E12: Pendiente
A13: 9 | B13: Documentación | C13: Diagrama de los elementos del sistema informático | D13: Número 3 | E13: Pendiente
A14: 10 | B14: Documentación | C14: Scripts explicados y convenientemente comentados | D14: Número 3 | E14: Pendiente
A15: 11 | B15: Documentación | C15: Configuraciones más importantes de los servicios | D15: Número 3 | E15: Pendiente
